ID1,ID2,SNP_count_0.001,PRS_0.001,SNP_count_0.01,PRS_0.01,SNP_count_0.05,PRS_0.05,SNP_count_0.1,PRS_0.1,SNP_count_0.2,PRS_0.2,SNP_count_0.5,PRS_0.5
Family1,Child,2,-0.1022671846164249,13,-0.027976010624744616,14,-0.018560021859247645,18,-0.012563009425733691,21,-0.011075380806890734,33,-0.0064724180097420715
Family1,Mother,2,-0.1022671846164249,13,-0.029337791788397603,14,-0.01982453293978256,18,-0.01366245998359928,21,-0.01171067998594224,33,-0.005095159380380684
Family1,Father,2,-0.08030335311401635,13,-0.023809630320419457,14,-0.014691240148088567,18,-0.012647562944839659,21,-0.010722433371755234,33,-0.006411281878356553
Family2,Child,2,-0.1022671846164249,13,-0.030569847440925783,14,-0.020968584617130158,18,-0.015614294090818123,21,-0.013690767662677386,33,-0.008881383273536393
Family2,Father,2,-0.08030335311401635,13,-0.03028114651253052,14,-0.02070050518362027,18,-0.014183176800433196,21,-0.012114466498077252,33,-0.007323021826554736
Family3,Child,2,-0.08030335311401635,13,-0.028172423036827748,14,-0.01892784737063236,18,-0.01582675995603529,21,-0.01429830314151843,33,-0.007968984020828056
Family3,Father,2,-0.073097423810621,13,-0.02924231048758136,14,-0.019735871731881762,18,-0.016455223348118157,21,-0.01410447715552985,33,-0.008771324050264038
Family4,Child,2,-0.0,13,-0.018958672470131704,14,-0.013710187875950021,18,-0.011884522288731901,21,-0.01165175117731799,33,-0.007302313276960608
Family4,Mother,2,-0.08030335311401635,13,-0.023286704924060445,14,-0.014205666565755198,18,-0.00811427250595775,21,-0.006146789147233767,33,-0.004265154739560659
Family4,Father,2,-0.1022671846164249,13,-0.03186924293646732,14,-0.022175166148704437,18,-0.014481072101547964,21,-0.013102314221092376,33,-0.00686833594591863
Family5,Child,2,-0.08030335311401635,13,-0.028427653663828285,14,-0.018979404681253902,18,-0.01378904903798518,21,-0.011743392211031172,33,-0.00656015114915273
Family5,Mother,2,-0.08030335311401635,13,-0.03704072357558404,14,-0.02697725531359854,18,-0.021238347351058288,21,-0.01829867380284151,33,-0.010904678652216476
Family5,Father,2,-0.1022671846164249,13,-0.03742861139006214,14,-0.027522879412921444,18,-0.018581245488391268,21,-0.015850989168522105,33,-0.007312283429420494
Family6,Child,2,-0.08030335311401635,13,-0.03343434780631915,14,-0.023628477813566855,18,-0.019436584632732005,21,-0.01700955888661192,33,-0.010059816322015287
Family6,Mother,2,-0.1022671846164249,13,-0.03352676309613075,14,-0.02371429201124906,18,-0.01950489724336907,21,-0.017408450056939036,33,-0.010474004464301781
Family6,Father,2,-0.1022671846164249,13,-0.03144420625546766,14,-0.025489340376783798,18,-0.01896827429640241,21,-0.01625852082548778,33,-0.010126132497707083
Family7,Child,2,-0.1022671846164249,13,-0.03277161166092924,14,-0.023013079964276224,18,-0.01667200053852009,21,-0.01502279506936254,33,-0.007908544053409655
Family7,Father,2,-0.08030335311401635,13,-0.030084209554110716,14,-0.02051763515080188,18,-0.017128413756876314,21,-0.015414006399382164,33,-0.00830236066284637
Family8,Mother,2,-0.1022671846164249,13,-0.03020127777613684,14,-0.020626341356968995,18,-0.016203304872682407,21,-0.013037703273560838,33,-0.0075856562302124226
Family9,Child,2,-0.1022671846164249,13,-0.023384165960973282,14,-0.014296166100031404,18,-0.00924667716856551,21,-0.007925723287341866,33,-0.004402357152246692
Family9,Mother,2,-0.08030335311401635,13,-0.0361278484936174,14,-0.026129585594629516,18,-0.020644200874791557,21,-0.017695029321249906,33,-0.01066345062292806
Family9,Father,2,-0.073097423810621,13,-0.031221995503741426,14,-0.021574150675458963,18,-0.016938921663512588,21,-0.01396602726747371,33,-0.007931681338189217
Family10,Child,2,-0.08030335311401635,13,-0.02286031883850102,14,-0.013809736629164305,18,-0.00993649602854519,21,-0.008516996595895878,33,-0.004122134971348175
Family10,Mother,2,-0.1022671846164249,13,-0.0321545872024808,14,-0.022440128681431245,18,-0.01867447624855063,21,-0.017471711714305473,33,-0.009232940658507015
Family10,Father,2,-0.05113359230821245,13,-0.027471587383516943,14,-0.018091628849536235,18,-0.013265288409728007,21,-0.011294454529667881,33,-0.00728637136462388
Family11,Child,2,-0.1022671846164249,13,-0.03742962182047718,14,-0.02733837511242788,18,-0.020406412424125595,21,-0.017491210649250508,33,-0.009965723265634685
Family11,Mother,2,-0.1022671846164249,13,-0.028249860606911977,14,-0.01881431112840305,18,-0.01382280610435861,21,-0.012282833095451418,33,-0.0076318689826140014
Family11,Father,2,-0.1022671846164249,13,-0.030859286375417724,14,-0.021237349342015533,18,-0.01672318629419781,21,-0.01579917746771734,33,-0.009815830624883774
Family12,Child,2,-0.05113359230821245,13,-0.022817079568034714,14,-0.013769585878017021,18,-0.010868704598835523,21,-0.00966566171470065,33,-0.005962620735736302
Family12,Mother,2,-0.08030335311401635,13,-0.029166452475013226,14,-0.01966543214878278,18,-0.013425868962103259,21,-0.011380261117777754,33,-0.005793042993414296
Family12,Father,2,-0.1022671846164249,13,-0.04150446296529467,14,-0.034645564764315635,18,-0.026991203360946923,21,-0.02382528387200577,33,-0.013976969287745795
Family13,Child,2,-0.1022671846164249,13,-0.03653994637987193,14,-0.026512247917580143,18,-0.021841680098888663,21,-0.017998222888619814,33,-0.011655403670862425
Family14,Child,2,-0.1022671846164249,13,-0.031829793032684586,14,-0.0221385340951919,18,-0.01737945478018911,21,-0.016361693312852744,33,-0.010152022002750397
Family14,Mother,2,-0.1022671846164249,13,-0.027370249556119847,14,-0.017997529438381787,18,-0.01370156566978464,21,-0.010893355385362754,33,-0.006505018143237577
Family14,Father,2,-0.1022671846164249,13,-0.02493541387209232,14,-0.01573661058892765,18,-0.012444833930685014,21,-0.010369205195957298,33,-0.006088795347067921
Family15,Father,2,-0.1022671846164249,13,-0.03490574824996455,14,-0.024994778225523293,18,-0.01858518308008404,21,-0.0166626658192745,33,-0.008950832911272093
Family16,Child,2,-0.1022671846164249,13,-0.03584781700952712,14,-0.02586955635940283,18,-0.021225866947301206,21,-0.01819360024054389,33,-0.01039492278789279
Family17,Child,2,-0.1022671846164249,13,-0.029093156840267358,14,-0.01959737191651876,18,-0.014547795323675925,21,-0.01235120398218632,33,-0.007090561012838875
Family17,Mother,2,-0.1022671846164249,13,-0.034364607039320164,14,-0.024492289958496366,18,-0.01807684869806265,21,-0.015451899553188212,33,-0.00977163865338584
Family17,Father,2,-0.1022671846164249,13,-0.031106257690473184,14,-0.021466679848852737,18,-0.016693170079783652,21,-0.016364614753347294,33,-0.009728430208274484
Family18,Child,2,-0.073097423810621,13,-0.03075718054374691,14,-0.021142536784035486,18,-0.017600085912089197,21,-0.014787992608589455,33,-0.008860255680105518
Family18,Mother,2,-0.08030335311401635,13,-0.03234719700509238,14,-0.022618980640999143,18,-0.019713436301127832,21,-0.016897231115252424,33,-0.010232383831760858
Family18,Father,2,-0.1022671846164249,13,-0.03217496439338016,14,-0.022459050358694933,18,-0.01857325116897285,21,-0.015801594706726544,33,-0.009760551363593217
Family19,Child,2,-0.1022671846164249,13,-0.03135783020448606,14,-0.02170028289757899,18,-0.01618339275338944,21,-0.013871479502905232,33,-0.00844628619190043
Family19,Father,2,-0.08030335311401635,13,-0.033504888635019214,14,-0.023693980011645487,18,-0.01874984097691509,21,-0.016921818762915115,33,-0.010285038705643332
Family20,Child,2,-0.1022671846164249,13,-0.03536605241230755,14,-0.025422203519127513,18,-0.018916056740447523,21,-0.015745798852291777,33,-0.008843910577031261
Family20,Father,2,-0.1022671846164249,13,-0.04605495744345825,14,-0.03534761533376744,18,-0.027535674458080753,21,-0.023611298375701216,33,-0.01423444494676712
Family21,Child,2,-0.05113359230821245,13,-0.022860849374900558,14,-0.017519080416257198,18,-0.014846994264526372,21,-0.012343115391804623,33,-0.006959079072017386
Family21,Mother,2,-0.1022671846164249,13,-0.03733725658570024,14,-0.027252607394420713,18,-0.019636352751789217,21,-0.01782821322041816,33,-0.010113509392009659
Family21,Father,2,-0.1022671846164249,13,-0.04208338786795854,14,-0.031659729299374856,18,-0.02275167076805486,21,-0.020148856604375653,33,-0.011655465286880603
Family22,Child,2,-0.08030335311401635,13,-0.02360170135495694,14,-0.01820701439773812,18,-0.014366259115315376,21,-0.012970652599373808,33,-0.008286648627568427
Family22,Mother,2,-0.1022671846164249,13,-0.02517359882329067,14,-0.01948119091816906,18,-0.016210917047422613,21,-0.014721956721784826,33,-0.008335536777748167
Family22,Father,2,-0.08030335311401635,13,-0.028104827427150012,14,-0.01867963746148122,18,-0.012674974753705541,21,-0.00920511874227922,33,-0.005057533977554244
Family23,Father,2,-0.1022671846164249,13,-0.030470546776778587,14,-0.02458522800371537,18,-0.017366791045764593,21,-0.014843278708361303,33,-0.008559923262167509
Family23,Mother,2,-0.08030335311401635,13,-0.02470598684966123,14,-0.015523571210955928,18,-0.012279136636707006,21,-0.011087314401489369,33,-0.006480848841856294
Family24,Child,2,-0.1022671846164249,13,-0.03611385538403168,14,-0.026116591992871346,18,-0.020311336648682364,21,-0.017409717127442027,33,-0.01009276152754466
Family24,Father,2,-0.1022671846164249,13,-0.034413014602945206,14,-0.024537239839005336,18,-0.01924511480315512,21,-0.01555988455223504,33,-0.008632387688713898
Family25,Child,2,-0.1022671846164249,13,-0.026659971384636997,14,-0.017337985422004855,18,-0.01284128446246103,21,-0.01088848038685927,33,-0.006005466636379245
Family25,Mother,2,-0.073097423810621,13,-0.027373989142370752,14,-0.018001001911329056,18,-0.014206027181441662,21,-0.012696392680396441,33,-0.007062112031211681
Family25,Father,2,-0.1022671846164249,13,-0.03795941966469088,14,-0.027830330253483453,18,-0.02079061243516416,21,-0.01770219007774767,33,-0.01051223630475733
Family26,Child,2,-0.08030335311401635,13,-0.02855200078529296,14,-0.019094869865471105,18,-0.01501216037929516,21,-0.012016722279228913,33,-0.006563984564708272
Family26,Father,2,-0.073097423810621,13,-0.023335349586441848,14,-0.014250836609395075,18,-0.010228784045317647,21,-0.00876752918170084,33,-0.005932898397857888
Family27,Child,2,-0.1022671846164249,13,-0.031217803040442835,14,-0.021570257673824558,18,-0.017786525235298542,21,-0.015254884756173606,33,-0.008891286836091541
Family28,Mother,2,-0.08030335311401635,13,-0.03723200848929131,14,-0.030863728165334326,18,-0.02326429562716903,21,-0.019226899324492123,33,-0.011796076799963355
Family29,Child,2,-0.1022671846164249,13,-0.028591973467404993,14,-0.01913198735600371,18,-0.013176171398729218,21,-0.0118987435283739,33,-0.006738297933135727
Family29,Mother,2,-0.073097423810621,13,-0.036291592749034866,14,-0.026281633831802875,18,-0.019797455447859488,21,-0.018008843433629598,33,-0.011208839223343158
Family29,Father,2,-0.1022671846164249,13,-0.02736433989968817,14,-0.021700893046417122,18,-0.017039067297808727,21,-0.01436824509333568,33,-0.0073196906781211185
Family30,Child,2,-0.1022671846164249,13,-0.03669362519943502,14,-0.026654949678603015,18,-0.020890654221513517,21,-0.02069496719688964,33,-0.012249123983231353
Family30,Mother,2,-0.1022671846164249,13,-0.0302986441132563,14,-0.020716752955722777,18,-0.013133797820564433,21,-0.010543615490259617,33,-0.005829059034226679
Family30,Father,2,-0.073097423810621,13,-0.02829276519748723,14,-0.02256300225151625,18,-0.014731932658105677,21,-0.011819069277646274,33,-0.007195350911639447
Family31,Mother,2,-0.08030335311401635,13,-0.034378744735180225,14,-0.024505417818937853,18,-0.01617597989295129,21,-0.015070465118752612,33,-0.008446918357364492
Family32,Child,2,-0.1022671846164249,13,-0.026171058534813215,14,-0.020592846064747518,18,-0.012183794044700512,21,-0.010324917171635965,33,-0.004945134929270875
Family33,Mother,2,-0.073097423810621,13,-0.02665531909530255,14,-0.017333665439051436,18,-0.012837924475719482,21,-0.011693901970382245,33,-0.006720637927113074
Family34,Child,2,-0.08030335311401635,13,-0.03933265004539003,14,-0.029105472749846956,18,-0.021896763637345516,21,-0.018768654546296157,33,-0.01014862930202411
Family34,Mother,2,-0.1022671846164249,13,-0.033716963909689805,14,-0.023890907052411033,18,-0.01784099031711758,21,-0.016024786308160392,33,-0.009628382536451608
Family34,Father,2,-0.08030335311401635,13,-0.02501649939162142,14,-0.015811904285633248,18,-0.012503395694789365,21,-0.010598861443140697,33,-0.005610319917423667
Family35,Child,2,-0.1022671846164249,13,-0.03183509343558846,14,-0.0256668644867313,18,-0.01910634860413936,21,-0.01637687023211945,33,-0.009554936263385586
Family35,Mother,2,-0.0583395216116078,13,-0.02926693772563271,14,-0.019758739881500873,18,-0.013549936294990326,21,-0.01149589624331295,33,-0.006118429326278146
Family36,Father,2,-0.1022671846164249,13,-0.03157563206438697,14,-0.021902527481772682,18,-0.016178530933615994,21,-0.01533233001579007,33,-0.008391002910547252
Family36,Mother,2,-0.1022671846164249,13,-0.029419616753049074,14,-0.019900513264101784,18,-0.01669921981284994,21,-0.015452772760520659,33,-0.009490744231230475
Family37,Child,2,-0.0583395216116078,13,-0.02644742790141446,14,-0.017140623616155353,18,-0.01247639616168675,21,-0.010533176798187252,33,-0.005038706770225206
Family37,Mother,2,-0.073097423810621,13,-0.02896065059109288,14,-0.019474330399428176,18,-0.01620101256613612,21,-0.01594276545593512,33,-0.010801140903805849
Family38,Mother,2,-0.1022671846164249,13,-0.0312589248817886,14,-0.02160844224078849,18,-0.014034150082907735,21,-0.010965716799426529,33,-0.005953126562850175
Family39,Child,2,-0.1022671846164249,13,-0.03813717915535629,14,-0.027995392637672773,18,-0.020019141316620352,21,-0.017159263985674588,33,-0.009870351744886603
Family39,Mother,2,-0.1022671846164249,13,-0.025157756044293624,14,-0.015943071177400295,18,-0.01138123508940226,21,-0.009755344362344796,33,-0.005154868501113266
Family40,Mother,2,-0.1022671846164249,13,-0.03446940673438023,14,-0.024589603961052146,18,-0.018268479306388908,21,-0.015540361681654593,33,-0.008869878321834316
Family41,Child,2,-0.08030335311401635,13,-0.024354133223144413,14,-0.018905701132483636,18,-0.014909682131228555,21,-0.013521528131887511,33,-0.006687079878620065
Family42,Child,2,-0.08030335311401635,13,-0.033820692554881314,14,-0.02398722650866029,18,-0.019556544210389486,21,-0.016686959501663434,33,-0.009848879415721918
Family43,Child,2,-0.1022671846164249,13,-0.035761527386004875,14,-0.025789430280417882,18,-0.01920167755478448,21,-0.01645858076124384,33,-0.00994855354965048
Family43,Mother,2,-0.1022671846164249,13,-0.02520907325233632,14,-0.015990722870582796,18,-0.011691834097874255,21,-0.01012523985460148,33,-0.006601750661811798
Family43,Father,2,-0.08030335311401635,13,-0.02420382223808099,14,-0.01505727550020285,18,-0.012770093944560005,21,-0.011602511024440633,33,-0.005248837610462342
Family44,Child,2,-0.073097423810621,13,-0.023635847835248296,14,-0.014715313254880012,18,-0.009690190685559314,21,-0.009723928166744085,33,-0.006320642298459859
Family44,Mother,2,-0.05113359230821245,13,-0.02367630041083557,14,-0.01456743380347496,18,-0.010590968247051542,21,-0.009810481676675217,33,-0.005264956727798186
Family44,Father,2,-0.1022671846164249,13,-0.04015229763021452,14,-0.029866574078612557,18,-0.02428843728332311,21,-0.021319557824137504,33,-0.013202581314178726
Family45,Father,2,-0.1022671846164249,13,-0.0318737801915067,14,-0.022179379314098146,18,-0.015384201980878578,21,-0.012888663524694638,33,-0.00742225935954465
Family45,Mother,2,-0.1022671846164249,13,-0.02527050609245855,14,-0.016047767650696296,18,-0.01268684497872729,21,-0.012930621809584698,33,-0.0078123766262926456
Family46,Child,2,-0.1022671846164249,13,-0.03589211809128267,14,-0.025910693078175832,18,-0.021003913444867288,21,-0.01869332108679465,33,-0.010594412957747755
Family46,Father,2,-0.1022671846164249,13,-0.030596890091995895,14,-0.020993695650266684,18,-0.017549472779867084,21,-0.015656579266695496,33,-0.009120940047887922
Family47,Child,2,-0.08030335311401635,13,-0.03358297882634625,14,-0.023766492332163443,18,-0.018591053890329525,21,-0.015816854182175124,33,-0.009919394063090864
Family48,Child,2,-0.08030335311401635,13,-0.03022594962712606,14,-0.020649250932887556,18,-0.016265776420431602,21,-0.014008277792800746,33,-0.007849897693129415
Family48,Father,2,-0.1022671846164249,13,-0.033371794925805436,14,-0.02357039299594698,18,-0.018375612639775947,21,-0.015750525119807953,33,-0.00970266734533776
Family49,Child,2,-0.1022671846164249,13,-0.02537363383997484,14,-0.01614352913053285,18,-0.01165465700506136,21,-0.00913886224417137,33,-0.005773172375918697
Family49,Mother,2,-0.1022671846164249,13,-0.03223625005933817,14,-0.02993366076938544,18,-0.02136452003380611,21,-0.018269903555254034,33,-0.011613677820628223
Family49,Father,2,-0.08030335311401635,13,-0.027300358664253697,14,-0.017932630753077505,18,-0.01420363935954193,21,-0.012174548022464511,33,-0.0072270014758430085
Family50,Mother,2,-0.1022671846164249,13,-0.03365084596414942,14,-0.024014954374573908,18,-0.01484386560657013,21,-0.011149252420751276,33,-0.005904925690770822
Family51,Child,2,-0.1022671846164249,13,-0.03572083009055977,14,-0.02575163993464743,18,-0.019062479880885747,21,-0.01633926846933064,33,-0.00974359548228869
Family51,Mother,2,-0.02196383150240855,13,-0.014958341876920132,14,-0.006472186593410623,18,-0.0052391708230606565,21,-0.006504358916719234,33,-0.0032953277095786864
Family52,Father,2,-0.1022671846164249,13,-0.0331185086286862,14,-0.026858607166036337,18,-0.02109527571288066,21,-0.01808166489675485,33,-0.010154472021492209
Family52,Mother,2,-0.073097423810621,13,-0.022467116354760012,14,-0.013444620037119086,18,-0.009484216536991432,21,-0.008861837353766552,33,-0.004918816409846494
Family53,Child,2,-0.1022671846164249,13,-0.041481472744152405,14,-0.031100808112983453,18,-0.02423260217524876,21,-0.0222358196514753,33,-0.013587900679435726
Family53,Mother,2,-0.1022671846164249,13,-0.03919514713098844,14,-0.028977791472188336,18,-0.020803323143936986,21,-0.016980576077493335,33,-0.009406082239956415
Family53,Father,2,-0.0439276630048171,13,-0.022348882912402408,14,-0.013334831840644162,18,-0.00856569317330218,21,-0.00722368785329454,33,-0.004854898152810592
Family54,Child,2,-0.1022671846164249,13,-0.0356467660687573,14,-0.025682866200116564,18,-0.02018081051716528,21,-0.017297837586141666,33,-0.009685285516589358
Family55,Child,2,-0.08030335311401635,13,-0.02826748614288293,14,-0.01883067769751893,18,-0.016716188710569527,21,-0.013358983125071042,33,-0.008142415804069297
Family55,Mother,2,-0.08030335311401635,13,-0.034442755351446905,14,-0.028273707394478802,18,-0.02411155710938979,21,-0.020667048950905535,33,-0.013432145628148692
Family55,Father,2,-0.1022671846164249,13,-0.030192295076892042,14,-0.020618000279098825,18,-0.01512866447479596,21,-0.013657393398162085,33,-0.0073916563957266545
Family56,Father,2,-0.1022671846164249,13,-0.03044945063887631,14,-0.02085678758665564,18,-0.017392198984762575,21,-0.015640108023284676,33,-0.00911607722334321
Family57,Child,2,-0.05113359230821245,13,-0.034185656072721095,14,-0.02432612120379723,18,-0.017011326063167378,21,-0.014581136625572038,33,-0.00872133856444557
Family57,Mother,2,-0.1022671846164249,13,-0.0377210615521427,14,-0.027608997720403008,18,-0.019767833447488878,21,-0.01763382394618459,33,-0.010839106064245898
Family58,Child,2,-0.1022671846164249,13,-0.034135194802318955,14,-0.02427926430985239,18,-0.01892852522969773,21,-0.015373606436716833,33,-0.008845018987945553
Family58,Mother,2,-0.1022671846164249,13,-0.029549224400790827,14,-0.020020863222719124,18,-0.014830956227357207,21,-0.013368964409695377,33,-0.008586008775539082
Family58,Father,2,-0.1022671846164249,13,-0.03402518969313183,14,-0.024177116708464334,18,-0.01790300289900807,21,-0.016077939949780812,33,-0.009534218019105782
Family59,Child,2,-0.0583395216116078,13,-0.026925146524800228,14,-0.01758421948072785,18,-0.01286606815616679,21,-0.010177214659404596,33,-0.005497414275257188
Family59,Mother,2,-0.073097423810621,13,-0.03792816068136286,14,-0.027801304054678868,18,-0.02076646826809858,21,-0.019856013200474372,33,-0.010734745009601209
Family59,Father,2,-0.1022671846164249,13,-0.03208763008963053,14,-0.022377954219498848,18,-0.01654830728518079,21,-0.013631214943189312,33,-0.007988585341629542
Family60,Child,2,-0.08030335311401635,13,-0.03235574990172123,14,-0.02262692261644021,18,-0.014877091231821661,21,-0.01408918370736989,33,-0.008265694637953486
Family60,Mother,2,-0.1022671846164249,13,-0.034955338281378354,14,-0.025040826111836115,18,-0.01675374889131533,21,-0.015272325535423851,33,-0.0070960734389280515
Family60,Father,2,-0.1022671846164249,13,-0.024886551954002585,14,-0.015691238807844333,18,-0.014325192653118534,21,-0.012278736559815887,33,-0.006523263814062194
Family61,Child,2,-0.1022671846164249,13,-0.03446856947274996,14,-0.024588826503824036,18,-0.0193298907533822,21,-0.017300986682101494,33,-0.010160489826874536
Family61,Mother,2,-0.1022671846164249,13,-0.03209447851077072,14,-0.02609316461385092,18,-0.02135356325517517,21,-0.018264935639799314,33,-0.012282438622998439
Family61,Father,2,-0.08030335311401635,13,-0.029225977865187394,14,-0.019720705725373076,18,-0.016559369504949833,21,-0.013342901529790058,33,-0.0065517582371810235
Family62,Child,2,-0.1022671846164249,13,-0.031825799983580566,14,-0.022134826263881028,18,-0.01928608203996227,21,-0.017953403061792817,33,-0.010134406851215567
Family62,Mother,2,-0.1022671846164249,13,-0.032901220048523194,14,-0.02313343060989918,18,-0.017137468267931954,21,-0.014570923648691489,33,-0.009287371385262698
Family62,Father,2,-0.08030335311401635,13,-0.030334572149366416,14,-0.020750114703539317,18,-0.01433770392226422,21,-0.012289460504797903,33,-0.006855407687656428
Family63,Child,2,-0.1022671846164249,13,-0.029159381707265956,14,-0.019844308993182125,18,-0.013563467653455862,21,-0.01068990128106425,33,-0.006582182336053495
Family63,Father,2,-0.1022671846164249,13,-0.030689050658170864,14,-0.021079273318857727,18,-0.016555585287484756,21,-0.015655519461963297,33,-0.008567777947509434
Family64,Child,2,-0.1022671846164249,13,-0.03317601339141211,14,-0.023388595856867457,18,-0.018189561876234897,21,-0.01529325772071434,33,-0.008308176909085646
Family64,Mother,2,-0.08030335311401635,13,-0.03140324943047039,14,-0.02174245789313586,18,-0.015944227181932304,21,-0.014398989335144444,33,-0.007775302036596253
Family65,Father,2,-0.05113359230821245,13,-0.01712673344619503,14,-0.008485693050594458,18,-0.006760578412168878,21,-0.005794781496144753,33,-0.003075328890204484
Family65,Mother,2,-0.1022671846164249,13,-0.030561914267058506,14,-0.020961218098539115,18,-0.015608564576358418,21,-0.013378769636878644,33,-0.006658179466097409
Family66,Child,2,-0.1022671846164249,13,-0.02716482679617063,14,-0.017806779732714655,18,-0.012948296362313877,21,-0.010980204872447422,33,-0.006306354601956791
Family66,Mother,2,-0.1022671846164249,13,-0.03939492933424593,14,-0.0291633035180703,18,-0.02373688054730221,21,-0.020345897611973324,33,-0.012383156024431326
Family66,Father,2,-0.08030335311401635,13,-0.02232446929330898,14,-0.013312162051485981,18,-0.010512930511533602,21,-0.008160239535433291,33,-0.004532877826850315
Family67,Child,2,-0.08030335311401635,13,-0.029065018066621484,14,-0.019756685612583685,18,-0.014625484752807425,21,-0.01253612978812065,33,-0.007985349110027585
Family67,Mother,2,-0.1022671846164249,13,-0.03178615640412437,14,-0.022098014368671696,18,-0.015386070328478293,21,-0.013920569175041005,33,-0.006912229787016777
Family67,Father,2,-0.073097423810621,13,-0.03352155554051767,14,-0.02370945642389405,18,-0.016882657598159417,21,-0.015085023396660355,33,-0.008494408642813209
Family68,Child,2,-0.073097423810621,13,-0.02505982993327262,14,-0.015852139788595072,18,-0.009448789005342049,21,-0.007248118244411961,33,-0.0024501054732138415
Family68,Father,2,-0.1022671846164249,13,-0.0288723364533859,14,-0.023101175560565013,18,-0.013877111088526009,21,-0.01262717554079619,33,-0.006942653493387504
Family69,Child,2,-0.0583395216116078,13,-0.025038307522081818,14,-0.01583215469248933,18,-0.01247292478786954,21,-0.009882776817443872,33,-0.005079686199893119
Family69,Mother,2,-0.0583395216116078,13,-0.025160283034839644,14,-0.0159454176686216,18,-0.011591444524528594,21,-0.009637728562108937,33,-0.0048512741021644115
Family69,Father,2,-0.08030335311401635,13,-0.033851602828508014,14,-0.02401592890559937,18,-0.019741736366187715,21,-0.016070644553708248,33,-0.00945278891851084
Family70,Child,2,-0.1022671846164249,13,-0.02947150402796509,14,-0.019948694305095223,18,-0.01482104607034651,21,-0.012883214223962394,33,-0.0070635637395452654
Family70,Mother,2,-0.08030335311401635,13,-0.026274410037173377,14,-0.016979964170788637,18,-0.01431173968949017,21,-0.01188432575605931,33,-0.006320924462250354
Family71,Child,2,-0.05113359230821245,13,-0.026706186077851253,14,-0.01738089906570381,18,-0.014674367686720115,21,-0.013310538339248279,33,-0.0071183961938720685
Family71,Father,2,-0.08030335311401635,13,-0.038570931661902404,14,-0.02839816282232274,18,-0.021068528591008606,21,-0.018791247685781273,33,-0.010532687906845759
Family72,Child,2,-0.1022671846164249,13,-0.024810691147228947,14,-0.015806239187433475,18,-0.01053712039843888,21,-0.008308600288234285,33,-0.004700230902676002
Family72,Mother,2,-0.073097423810621,13,-0.028400923008807085,14,-0.018954583358734223,18,-0.014894679245470242,21,-0.013116497126101837,33,-0.00814417279085334
Family73,Child,2,-0.1022671846164249,13,-0.03741930667569345,14,-0.02732879676370013,18,-0.018276498560102383,21,-0.015665570194373472,33,-0.009784279313565734
Family73,Mother,2,-0.08030335311401635,13,-0.02804820288707096,14,-0.018627057531407816,18,-0.013750686018212166,21,-0.011786302301324714,33,-0.006121543062629935
Family73,Father,2,-0.08030335311401635,13,-0.02972424599709505,14,-0.020183383276430187,18,-0.016803287882766933,21,-0.01513532707871698,33,-0.0096622641517836
Family74,Child,2,-0.1022671846164249,13,-0.02287717059124518,14,-0.013825384685283881,18,-0.010058471921604351,21,-0.009618601080259704,33,-0.00509587110519856
Family74,Mother,2,-0.1022671846164249,13,-0.026603471873615468,14,-0.017285521590342006,18,-0.011574827416649324,21,-0.010653789536330458,33,-0.005767047648990766
Family75,Child,2,-0.08030335311401635,13,-0.02630300830455945,14,-0.017006519704789988,18,-0.012416746108215117,21,-0.010737301308975936,33,-0.005733088372231606
Family75,Mother,2,-0.1022671846164249,13,-0.03324349585731531,14,-0.027160109292785173,18,-0.021445719306690404,21,-0.019114554013508527,33,-0.011636464452429596
Family75,Father,2,-0.1022671846164249,13,-0.034280266964135525,14,-0.028122825320546805,18,-0.022033903511020705,21,-0.020942386265836194,33,-0.011825544354616314
Family76,Child,2,-0.1022671846164249,13,-0.03210005651130761,14,-0.02238949303962757,18,-0.017522287090014476,21,-0.01569016926762063,33,-0.009511110786152407
Family76,Father,2,-0.08030335311401635,13,-0.030789814525057038,14,-0.021172839766680603,18,-0.012625106331167682,21,-0.01134131766587589,33,-0.0068043190265325805
Family77,Child,2,-0.1022671846164249,13,-0.028789194511496877,14,-0.019315121182660457,18,-0.012089860998212744,21,-0.01097691202527749,33,-0.005358602881104534
Family78,Father,2,-0.0583395216116078,13,-0.02605457778713597,14,-0.01677583422432533,18,-0.011122285536840904,21,-0.01099840538998285,33,-0.005686891725570797
Family79,Child,2,-0.1022671846164249,13,-0.02413717689479415,14,-0.014995390538579354,18,-0.011984271386752541,21,-0.011004741510704644,33,-0.006110021351702246
Family79,Mother,2,-0.08030335311401635,13,-0.02812307546574792,14,-0.018696582068750713,18,-0.015646886943460676,21,-0.01341161738010915,33,-0.007975945121996623
Family79,Father,2,-0.08030335311401635,13,-0.032067154035665166,14,-0.022358940740816728,18,-0.01669568218701879,21,-0.015043093625218572,33,-0.008811088463159325
Family80,Father,2,-0.1022671846164249,13,-0.034126440088806165,14,-0.02427113493301908,18,-0.0180207811734743,21,-0.014680624478827727,33,-0.007124923757871577
Family80,Mother,2,-0.08030335311401635,13,-0.030359518038146092,14,-0.024296687331963385,18,-0.01681961243188243,21,-0.01429847578922047,33,-0.008292377652493469
Family81,Child,2,-0.05113359230821245,13,-0.034062723922133546,14,-0.024397412478416314,18,-0.020842712335417152,21,-0.017014338241619194,33,-0.01049597803097137
Family82,Father,2,-0.08030335311401635,13,-0.027032186448501225,14,-0.017683613695593063,18,-0.014075111619985425,21,-0.012796890282047117,33,-0.00564828687122183
Family83,Child,2,-0.08030335311401635,13,-0.024705536375066308,14,-0.015523152913117788,18,-0.014194459179442334,21,-0.013631697083641222,33,-0.007831884214082633
Family84,Father,2,-0.1022671846164249,13,-0.03401778226083687,14,-0.02417023837847616,18,-0.015870631783890768,21,-0.013603398671906372,33,-0.007727806566496821
Family84,Mother,2,-0.05113359230821245,13,-0.026162849270561887,14,-0.02039978061920662,18,-0.015060517563916083,21,-0.014246406277736535,33,-0.007310664730062939
Family85,Father,2,-0.1022671846164249,13,-0.0310187934085314,14,-0.021385463015621085,18,-0.017854180730698284,21,-0.01368698033913849,33,-0.007158337909950702
Family85,Mother,2,-0.1022671846164249,13,-0.028081086977836487,14,-0.018657592758547236,18,-0.014832650891172007,21,-0.011744522137016022,33,-0.006479654179982005
Family86,Father,2,-0.08030335311401635,13,-0.030130469512248233,14,-0.02056059082621529,18,-0.014119007511152974,21,-0.01210200643813112,33,-0.007178499909455002
Family86,Mother,2,-0.08030335311401635,13,-0.034853799290379454,14,-0.024946539905908567,18,-0.019724054228008596,21,-0.017837392243359375,33,-0.00980180622357397
Family87,Mother,2,-0.1022671846164249,13,-0.030374087706216038,14,-0.020786807720613965,18,-0.0143662429355445,21,-0.013046431409669181,33,-0.006786461723114923
Family88,Child,2,-0.1022671846164249,13,-0.03887905437274348,14,-0.028684276768103728,18,-0.02157073499731836,21,-0.01909408375573602,33,-0.011546099253182182
Family88,Mother,2,-0.08030335311401635,13,-0.025354098981653576,14,-0.019648798208077474,18,-0.011404881611922381,21,-0.009733070622210837,33,-0.004438171004365067
Family88,Father,2,-0.073097423810621,13,-0.035378094172334604,14,-0.02543338515343834,18,-0.019940548479718767,21,-0.017569154462339902,33,-0.010893978668895642
Family89,Child,2,-0.1022671846164249,13,-0.031068650276437845,14,-0.021431758678677065,18,-0.016882762962408565,21,-0.013620095921897547,33,-0.008057966101155478
Family89,Mother,2,-0.1022671846164249,13,-0.03794649022814055,14,-0.02781832434811529,18,-0.018817837165242914,21,-0.016862083606553533,33,-0.009898705802151854
Family89,Father,2,-0.08030335311401635,13,-0.024286655985085573,14,-0.015134192550992817,18,-0.011976286567846809,21,-0.010274680184072118,33,-0.00435274537372291
Family90,Child,2,-0.1022671846164249,13,-0.02706518040077304,14,-0.017714250936988325,18,-0.011957545577601049,21,-0.01098183367428908,33,-0.006351918174819509
Family90,Father,2,-0.073097423810621,13,-0.0211355974646224,14,-0.012208209639134155,18,-0.008754447884568896,21,-0.007810899485892338,33,-0.004720044869341334
Family91,Child,2,-0.1022671846164249,13,-0.03141734818439023,14,-0.021755549593204287,18,-0.016065783032724813,21,-0.013950131620286656,33,-0.007750417274533135
Family91,Mother,2,-0.1022671846164249,13,-0.04196374506924147,14,-0.03154863241485186,18,-0.025547483367208666,21,-0.021770216322153816,33,-0.01142985736559613
Family91,Father,2,-0.1022671846164249,13,-0.04142538511932192,14,-0.031048726747069426,18,-0.022231793572004763,21,-0.019788331955206552,33,-0.012143128157172015
Family92,Father,2,-0.08030335311401635,13,-0.02803501668358008,14,-0.01861481319959486,18,-0.015634078679746487,21,-0.013282304001675375,33,-0.00787745505804907
Family92,Mother,2,-0.073097423810621,13,-0.029422050157120627,14,-0.019902772853596797,18,-0.014785329385847732,21,-0.01340564836707195,33,-0.006875972556041955
Family93,Child,2,-0.1022671846164249,13,-0.02857548899948411,14,-0.01911668035007717,18,-0.015876619082166338,21,-0.012970397821731658,33,-0.007668918413030567
Family93,Mother,2,-0.08030335311401635,13,-0.022358862674263517,14,-0.01334409876237234,18,-0.011437623148469606,21,-0.009803676984402519,33,-0.005008065072184327
Family94,Mother,2,-0.1022671846164249,13,-0.036558719069562234,14,-0.026529679700864003,18,-0.019777427104020348,21,-0.0167819116228412,33,-0.011390227182633614
Family95,Child,2,-0.1022671846164249,13,-0.03517699989799384,14,-0.02524665475583621,18,-0.01979688196069024,21,-0.018391231565273933,33,-0.011900410390793138
Family95,Mother,2,-0.1022671846164249,13,-0.030717386378993367,14,-0.021105585059621484,18,-0.01763649787603193,21,-0.014308696607297347,33,-0.007778476980880697
Family95,Father,2,-0.08030335311401635,13,-0.032726120931728886,14,-0.0229708385728759,18,-0.01807145569597809,21,-0.015371484301302465,33,-0.00900930089032629
Family96,Mother,2,-0.1022671846164249,13,-0.040025040164968426,14,-0.029748406432312607,18,-0.023296676141065422,21,-0.018734856097242587,33,-0.01193946876953906
Family97,Child,2,-0.1022671846164249,13,-0.03385914637818325,14,-0.024022933630297803,18,-0.01575149290193068,21,-0.01179959210989242,33,-0.006289728370510371
Family97,Mother,2,-0.1022671846164249,13,-0.036499914743561894,14,-0.02647507568386368,18,-0.01969030432431868,21,-0.01602655994639193,33,-0.008906808387204026
Family97,Father,2,-0.1022671846164249,13,-0.032131963710730134,14,-0.02241912115337705,18,-0.0165803260115305,21,-0.014211708009883287,33,-0.008608468918307414
Family98,Child,2,-0.08030335311401635,13,-0.034237906745208865,14,-0.024374639685393013,18,-0.016140983995565385,21,-0.01405713177644406,33,-0.007140828992199491
Family98,Mother,2,-0.1022671846164249,13,-0.035556012496474276,14,-0.02559859502585376,18,-0.020962096848365384,21,-0.01759392358958435,33,-0.010139551610872537
Family98,Father,2,-0.08030335311401635,13,-0.024608506420114293,14,-0.019141904815384237,18,-0.01402914732143435,21,-0.012757492311860482,33,-0.008238848008999365
Family99,Child,2,-0.1022671846164249,13,-0.034909912076899245,14,-0.02499864463624837,18,-0.018131082577762494,21,-0.016273436817284607,33,-0.009870860096467215
Family99,Mother,2,-0.073097423810621,13,-0.03063124713202383,14,-0.021025598616006915,18,-0.015496475149131507,21,-0.01533887624135974,33,-0.00928402122347865
Family99,Father,2,-0.073097423810621,13,-0.029058193051725058,14,-0.01956490554144377,18,-0.01733804455702921,21,-0.01691736430527205,33,-0.010716821615455164
Family100,Child,2,-0.1022671846164249,13,-0.032688500267700184,14,-0.022935905099134957,18,-0.018944138189315087,21,-0.016025121793656914,33,-0.009639047442485381
Family100,Mother,2,-0.1022671846164249,13,-0.03636993464303278,14,-0.026354379876229513,18,-0.02160295190483308,21,-0.02038848058999438,33,-0.012857183935769066
Family100,Father,2,-0.1022671846164249,13,-0.03495583989228234,14,-0.025041291893389817,18,-0.0187357340823233,21,-0.01661711562074285,33,-0.01117346565664507
Family101,Child,2,-0.1022671846164249,13,-0.02248196315409386,14,-0.013458406350786227,18,-0.00866637520345626,21,-0.00889333938993887,33,-0.00460891305117183
Family101,Father,2,-0.073097423810621,13,-0.035321273940919766,14,-0.025380623509981715,18,-0.020061674808954377,21,-0.01711992858614763,33,-0.009821380415854432
Family102,Child,2,-0.1022671846164249,13,-0.035180547588446076,14,-0.02524994903982757,18,-0.01968193400723863,21,-0.016718643791720864,33,-0.010004198071625442
Family102,Mother,2,-0.08030335311401635,13,-0.030084127071652218,14,-0.02051755855994756,18,-0.017063201992169336,21,-0.01668178496396359,33,-0.010013341899981284
Family102,Father,2,-0.1022671846164249,13,-0.024151871965248935,14,-0.015009035961144512,18,-0.009917073444658578,21,-0.007692047094691618,33,-0.004557306194985285
Family103,Child,2,-0.1022671846164249,13,-0.03529991627575462,14,-0.02536079139232836,18,-0.019930307888885564,21,-0.01623227728744926,33,-0.00991744055242898
Family103,Mother,2,-0.08030335311401635,13,-0.02261142527076959,14,-0.013578621173413689,18,-0.010720176495255153,21,-0.009661553312953456,33,-0.005964519757942807
Family103,Father,2,-0.1022671846164249,13,-0.04015979109258479,14,-0.029873532293670655,18,-0.024340070451731744,21,-0.02159542642354396,33,-0.014465641878993083
Family104,Child,2,-0.1022671846164249,13,-0.03564616327453778,14,-0.025682306462627015,18,-0.020129585420155267,21,-0.016530713163991188,33,-0.009507804291567534
Family104,Mother,2,-0.1022671846164249,13,-0.03122587661227144,14,-0.021577754561951126,18,-0.013847454310448195,21,-0.011835996061150674,33,-0.0057713717732882875
Family105,Child,2,-0.1022671846164249,13,-0.03006440030515708,14,-0.02402264943704502,18,-0.017945024850939365,21,-0.016293419215101593,33,-0.010104937248484025
Family105,Mother,2,-0.08030335311401635,13,-0.029964505784589337,14,-0.020406481650532028,18,-0.0167782183801505,21,-0.01382828159602049,33,-0.007798608775059102
Family106,Child,2,-0.1022671846164249,13,-0.030075778528180372,14,-0.020509806341009417,18,-0.01627326145530926,21,-0.013915259328174445,33,-0.006362783856943521
Family107,Father,2,-0.08030335311401635,13,-0.030292847588082816,14,-0.020711370468061686,18,-0.015298296701870887,21,-0.012389608548318862,33,-0.0061769686063042496
Family108,Mother,2,-0.05113359230821245,13,-0.02202086077524416,14,-0.013030239856140078,18,-0.009440025943381395,21,-0.007240607048445686,33,-0.003619895649723776
Family109,Child,2,-0.08030335311401635,13,-0.025234527957443312,14,-0.01601435938246786,18,-0.011651202614447954,21,-0.009996036795444528,33,-0.004997967346557541
Family109,Father,2,-0.08030335311401635,13,-0.026824587906830972,14,-0.017490843621184974,18,-0.012702568275568569,21,-0.009994529716597774,33,-0.0041522986485490465
Family110,Child,2,-0.08030335311401635,13,-0.014029571547286884,14,-0.005609757001608322,18,-0.0026429504400130896,21,-0.0021470512247610354,33,0.0005900384467545271
Family110,Mother,2,-0.1022671846164249,13,-0.0331524917615807,14,-0.023366754343452582,18,-0.015357073174056157,21,-0.013257581651125398,33,-0.008323091134399952
Family110,Father,2,-0.073097423810621,13,-0.024774503440051145,14,-0.015587193759175137,18,-0.013344415753462546,21,-0.012170579539313216,33,-0.0076823477624381195
Family111,Child,2,-0.073097423810621,13,-0.024879592783954116,14,-0.015684776721370752,18,-0.011344070799076508,21,-0.009605154389672535,33,-0.004445710610704708
Family112,Child,2,-0.08030335311401635,13,-0.032248593357693756,14,-0.022527420111271845,18,-0.017565979741912863,21,-0.014938219197817983,33,-0.007587148216230142
Family113,Father,2,-0.1022671846164249,13,-0.041916295640968756,14,-0.03150457223145577,18,-0.02380895112418249,21,-0.02131964173502427,33,-0.01309758410569258
Family114,Father,2,-0.08030335311401635,13,-0.02987950488930924,14,-0.020327552247771937,18,-0.014353867174656278,21,-0.012993281426613787,33,-0.006879945686705217
Family114,Mother,2,-0.1022671846164249,13,-0.02814384053312994,14,-0.018715863917034014,18,-0.012523624986749906,21,-0.011467044596416672,33,-0.006902897347588274
Family115,Child,2,-0.1022671846164249,13,-0.029096132982057606,14,-0.019600135476752566,18,-0.015403576508963167,21,-0.013127272900440877,33,-0.007231375692259279
Family115,Father,2,-0.05113359230821245,13,-0.02618431966386222,14,-0.016896308824142562,18,-0.014246674419876556,21,-0.01213564253836664,33,-0.0058479601479353395
Family116,Father,2,-0.1022671846164249,13,-0.03198102000251267,14,-0.022278959138603695,18,-0.017736486229616724,21,-0.01520270248252862,33,-0.009535487594210147
Family117,Child,2,-0.1022671846164249,13,-0.032325981436920496,14,-0.022599280470553818,18,-0.01582216518663894,21,-0.015026873661238309,33,-0.007532383238056634
Family117,Mother,2,-0.0439276630048171,13,-0.027511309025394542,14,-0.01812851323127972,18,-0.013289407739929352,21,-0.011348378731931098,33,-0.006322139662953803
Family117,Father,2,-0.1022671846164249,13,-0.03401500597882173,14,-0.02416766040231925,18,-0.01900231711887848,21,-0.016287700387610127,33,-0.009729942119456174
Family118,Father,2,-0.1022671846164249,13,-0.030738754096003303,14,-0.021125426511130713,18,-0.016636135203509612,21,-0.014226293969489035,33,-0.008413715136569204
Family119,Child,2,-0.1022671846164249,13,-0.035896947835780076,14,-0.025915177840923422,18,-0.017284589709029366,21,-0.013888726168902106,33,-0.008217537074391294
Family119,Mother,2,-0.073097423810621,13,-0.029339723539151683,14,-0.019826326708339916,18,-0.012485897061301416,21,-0.01057457091709046,33,-0.0056213791457019975
Family119,Father,2,-0.073097423810621,13,-0.03584105405420149,14,-0.025863276472314733,18,-0.02122098259067714,21,-0.017763991769068364,33,-0.010431035389051976
Family120,Mother,2,-0.1022671846164249,13,-0.028847314155830493,14,-0.019369089423827392,18,-0.014096705693363699,21,-0.011964555727632987,33,-0.006488145108279252
Family121,Child,2,-0.1022671846164249,13,-0.042120025140161485,14,-0.035402600769713764,18,-0.02859580405550829,21,-0.025243198083923862,33,-0.016251933026510845
Family121,Mother,2,-0.08030335311401635,13,-0.028276108294482214,14,-0.018838683981146846,18,-0.012516202890995691,21,-0.00975899527972204,33,-0.0055276623671398194
Family121,Father,2,-0.073097423810621,13,-0.02056569912981449,14,-0.011679018328241099,18,-0.009404870778711676,21,-0.008793826703812475,33,-0.004000352480133004
Family122,Child,2,-0.073097423810621,13,-0.02738568303879308,14,-0.018011860529435507,18,-0.012189019705059968,21,-0.011180240069253868,33,-0.00495180025629699
Family123,Child,2,-0.08030335311401635,13,-0.03678799713898296,14,-0.026742580765326106,18,-0.019889994425759887,21,-0.017781075544139515,33,-0.01157767060753684
Family123,Mother,2,-0.08030335311401635,13,-0.030596675194417597,14,-0.020993496102515417,18,-0.014506501360571213,21,-0.012315809156667998,33,-0.006877821967321745
Family123,Father,2,-0.1022671846164249,13,-0.0378057169632691,14,-0.02768760631644895,18,-0.022268749037331264,21,-0.019820008068343546,33,-0.011652426788738141
Family124,Child,2,-0.08030335311401635,13,-0.03534301783685732,14,-0.025400814270495148,18,-0.020816636778338254,21,-0.017800289336281586,33,-0.009933805614656692
